<?xml version="1.0" encoding="UTF-8"?>
<project-private xmlns="http://www.netbeans.org/ns/project-private/1">
    <editor-bookmarks xmlns="http://www.netbeans.org/ns/editor-bookmarks/2" lastBookmarkId="0"/>
    <open-files xmlns="http://www.netbeans.org/ns/projectui-open-files/2">
        <group>
            <file>file:/C:/Users/huyyd/OneDrive/Desktop/JavaProject/huydqpc07859_Lab6/src/Bai2/main.java</file>
            <file>file:/C:/Users/huyyd/OneDrive/Desktop/JavaProject/huydqpc07859_Lab6/src/Bai2/listSanPham.java</file>
            <file>file:/C:/Users/huyyd/OneDrive/Desktop/JavaProject/huydqpc07859_Lab6/src/bai3/listSinhVien.java</file>
            <file>file:/C:/Users/huyyd/OneDrive/Desktop/JavaProject/huydqpc07859_Lab6/src/bai3/main.java</file>
            <file>file:/C:/Users/huyyd/OneDrive/Desktop/JavaProject/huydqpc07859_Lab6/src/lab6/Bai1/Bai1.java</file>
            <file>file:/C:/Users/huyyd/OneDrive/Desktop/JavaProject/huydqpc07859_Lab6/src/Bai2/SanPham.java</file>
        </group>
    </open-files>
</project-private>
